start	end	event
2014-09-24T17:03:29+0900	2014-09-24T17:28:29+0900	app-backend
2014-09-24T17:42:30+0900	2014-09-24T18:07:30+0900	app-backend
2014-09-24T19:40:33+0900	2014-09-24T20:05:33+0900	app-backend
2014-09-24T20:52:13+0900	2014-09-24T21:17:13+0900	app-backend
2014-09-24T21:28:57+0900	2014-09-24T21:53:57+0900	app-backend
2014-09-24T22:08:53+0900	2014-09-24T22:33:53+0900	app-backend
2014-09-24T22:56:13+0900	2014-09-24T23:21:13+0900	app-backend
2014-09-24T23:24:50+0900	2014-09-24T23:49:50+0900	app-backend
2014-09-25T11:54:37+0900	2014-09-25T12:19:37+0900	review
2014-09-25T12:21:53+0900	2014-09-25T12:46:53+0900	app-backend
2014-09-25T13:15:38+0900	2014-09-25T13:40:38+0900	review
2014-09-25T15:48:43+0900	2014-09-25T16:13:43+0900	fix_bug
2014-09-25T16:16:03+0900	2014-09-25T16:41:03+0900	fix_bug
2014-09-25T16:57:02+0900	2014-09-25T17:22:02+0900	fix_bug
2014-09-25T17:48:23+0900	2014-09-25T18:13:23+0900	fix_bug
2014-09-25T18:19:10+0900	2014-09-25T18:44:10+0900	ruby_tool
2014-09-25T19:04:31+0900	2014-09-25T19:29:31+0900	ruby_tool
2014-09-25T19:48:26+0900	2014-09-25T20:13:26+0900	ruby_tool
2014-09-25T20:19:49+0900	2014-09-25T20:44:49+0900	ruby_tool
2014-09-25T21:07:00+0900	2014-09-25T21:32:00+0900	app-kicker
2014-09-26T11:44:06+0900	2014-09-26T12:09:06+0900	ruby_tool
2014-09-26T12:20:16+0900	2014-09-26T12:45:16+0900	app-kicker
2014-09-26T15:09:29+0900	2014-09-26T15:34:29+0900	app-kicker
2014-09-26T16:04:12+0900	2014-09-26T16:29:12+0900	all_watch_retry
2014-09-26T16:58:03+0900	2014-09-26T17:23:03+0900	app-kicker
2014-09-26T17:53:30+0900	2014-09-26T18:18:30+0900	app-kicker-jenkins-github
2014-09-26T18:35:28+0900	2014-09-26T19:00:28+0900	all_watch_retry
2014-09-26T19:10:44+0900	2014-09-26T19:35:44+0900	all_watch_retry
2014-09-26T19:58:37+0900	2014-09-26T20:23:37+0900	pig_review
2014-09-26T20:48:45+0900	2014-09-26T21:13:46+0900	app-note-scheduler
2014-09-26T22:21:49+0900	2014-09-26T22:46:49+0900	app-note-scheduler
2014-09-26T23:01:51+0900	2014-09-26T23:26:51+0900	app-note-scheduler
2014-09-26T23:33:43+0900	2014-09-26T23:58:43+0900	app-note-scheduler
